dc_blinkit_warehouse_id,warehouse,dc_blinkit_internal_city,latitude,longitude
76857989,RAIPUR - FEEDER WAREHOUSE,raipur,21.2380912,81.6336993
2945510946,AHMEDABAD A2 - FEEDER,ahmedabad,23.0215374,72.5800568
1375846305,AHMEDABAD A2 - FEEDER WAREHOUSE,ahmedabad,23.0215374,72.5800568
1121681666,AMD IM3,ahmedabad,23.0215374,72.5800568
247213239,AMD TEMP2,ahmedabad,23.0215374,72.5800568
3915311542,BENGALURU B3,bengaluru,12.9767936,77.590082
1104503077,BENGALURU B3 - FEEDER WAREHOUSE,bengaluru,12.9767936,77.590082
1362634205,BENGALURU B4,bengaluru,12.9767936,77.590082
821457531,BENGALURU B4 - FEEDER WAREHOUSE,bengaluru,12.9767936,77.590082
1258812324,BENGALURU B5 - FEEDER,bengaluru,12.9767936,77.590082
200613024,BENGALURU B5 - FEEDER WAREHOUSE,bengaluru,12.9767936,77.590082
845130483,BHOPAL B1 - FEEDER,bhopal,23.2584857,77.401989
2262448317,BHOPAL B1 - FEEDER WAREHOUSE,bhopal,23.2584857,77.401989
2531824570,BHUBANESWAR B1 - FEEDER,bhubaneswar,20.2602964,85.8394521
2830948912,BHUBANESWAR B1 - FEEDER WAREHOUSE,bhubaneswar,20.2602964,85.8394521
398980501,BULK PERISHABLE - BENGALURU DODDABANALLI PC2,bengaluru,12.9767936,77.590082
352696006,BULK PERISHABLE - DELHI BUDHPUR PC2,budhpur,28.7836683,77.1385885
1756425987,CC-DTS-CHITEGAON1,aurangabad (maharashtra),19.8597998,75.3114008
1375790936,CHENNAI C3 - FEEDER WAREHOUSE,chennai,13.0836939,80.270186
2444295502,CHENNAI C4 - FEEDER,chennai,13.0836939,80.270186
408069458,CHENNAI C4 - FEEDER WAREHOUSE,chennai,13.0836939,80.270186
2998000092,CHENNAI C5 - FEEDER,chennai,13.0836939,80.270186
2700047371,CHENNAI C5 - FEEDER WAREHOUSE,chennai,13.0836939,80.270186
4135857984,CHN ECOM,chennai,13.0836939,80.270186
1626565376,COIMBATORE C1 - FEEDER,coimbatore,11.0018115,76.9628425
1590205753,COIMBATORE C1 - FEEDER WAREHOUSE,coimbatore,11.0018115,76.9628425
890385599,CP - JAMMU GREATER KAILASH (HP),jammu,32.7185614,74.8580917
3195285671,CPC -  BHUJ CITY MALL (HP),bhuj,23.2472446,69.668339
243716087,CPC -  DEHRADUN PREM NAGAR (HP),dehradun,30.3255646,78.0436813
3306368439,CPC -  JAMMU BATHINDI (HP),jammu,32.7185614,74.8580917
4242053574,CPC -  JUNAGADH SONVATIKA(HP),junagadh,21.5220416,70.4582458
131250504,CPC -  NAGPUR MANISH NAGAR (HP),nagpur,21.1498134,79.0820556
3237043763,CPC -  NASHIK SONAWANE (HP),nashik,20.0112475,73.7902364
2188762894,CPC -  UDUPI UB SQUARE (HP),udupi,13.5269784,74.8731879
2248034001,CPC - AGRA DAYAL BAGH (HP),agra,27.1752554,78.0098161
458177689,CPC - AGRA INDRAPURI (HP),agra,27.1752554,78.0098161
123918303,CPC - AGRA RAM NAGAR (HP),agra,27.1752554,78.0098161
1870905915,CPC - AGRA SIKANDRA (HP),agra,27.1752554,78.0098161
850541571,CPC - AGRA UMA KUNJ ES9 (HP),agra,27.1752554,78.0098161
920297941,CPC - AHMEDABAD1 (HP),ahmedabad,23.0215374,72.5800568
917348218,CPC - AHMEDABAD2 (HP),ahmedabad,23.0215374,72.5800568
587390776,CPC - AHMEDNAGAR SAVEDI(HP),ahmednagar,19.092952,74.7493451
1441424494,CPC - AKOLA CIVIL LINE (HP),akola,20.7618122,77.1921157
87283739,CPC - AURANGABAD HARSOOL (HP),aurangabad (maharashtra),19.8597998,75.3114008
1297572755,CPC - AURANGABAD OSMANPURA (HP),aurangabad (maharashtra),19.8597998,75.3114008
1015501828,CPC - AURANGABAD TOWN CENTER CIDCO (HP),aurangabad (maharashtra),19.8597998,75.3114008
653414501,CPC - AURANGABAD TOWN CENTER CIDCO(HP),aurangabad (maharashtra),19.8597998,75.3114008
3778140276,CPC - AURANGABAD VIJAYANT NAGAR (HP),aurangabad (maharashtra),19.8597998,75.3114008
2195194978,CPC - AURANGABAD VIJAYANT NAGAR(HP),aurangabad (maharashtra),19.8597998,75.3114008
488495201,CPC - BAREILLY DELAPEER (HP),bareilly,28.4582345,79.4047452
3858851637,CPC - BAREILLY PILIBHIT BYPASS (HP),bareilly,28.4582345,79.4047452
836899477,CPC - BAREILLY RAMPUR GARDEN (HP),bareilly,28.4582345,79.4047452
1355797063,CPC - BAREILLY SAIDPUR HAWKINS (HP),bareilly,28.4582345,79.4047452
2410264462,CPC - BENGALURU7 (HP),bengaluru,12.9767936,77.590082
1837432240,CPC - BHUJ CITY MALL (HP),bhuj,23.2472446,69.668339
2686308519,CPC - BIDAR DEVI NAGAR (HP),bidar,18.0207297,77.2487204
3255261429,CPC - BIJAPUR GURUKUL ROAD (HP),bijapur,16.814415,75.8933856
3502443871,CPC - CHENNAI2 (HP),chennai,13.0836939,80.270186
714622047,CPC - COIMBATORE SAIBABA COLONY (HP),coimbatore,11.0018115,76.9628425
51303155,CPC - COIMBATORE1 (HP),coimbatore,11.0018115,76.9628425
3598917106,CPC - DEHRADUN CANAL ROAD (HP),dehradun,30.3255646,78.0436813
3504234119,CPC - DEHRADUN DALANWALA (HP),dehradun,30.3255646,78.0436813
941559484,CPC - DEHRADUN GMS ROAD (HP),dehradun,30.3255646,78.0436813
4222376379,CPC - DEHRADUN RAJPUR ROAD (HP),dehradun,30.3255646,78.0436813
4168280788,CPC - DEHRADUN SARASWATI VIHAR (HP),dehradun,30.3255646,78.0436813
4102569033,CPC - DEHRADUN SHEWALA KALA (HP),dehradun,30.3255646,78.0436813
3469491435,CPC - DELHI MUNDKA (HP),delhi,28.6138954,77.2090057
3287179890,CPC - DELHI4 (HP),delhi,28.6138954,77.2090057
2530580850,CPC - ELURU RR PETA (HP),eluru,16.7104257,81.1153816
2615830303,CPC - GANDHIDHAM ADIPUR (HP),gandhidham,23.0718743,70.131715
390938671,CPC - GANDHIDHAM GAYATRI KUNJ (HP),gandhidham,23.0718743,70.131715
3509894382,CPC - GOA CALANGUTE (HP),goa,15.4989946,73.8282141
1504239289,CPC - GOA DABOLIM (HP),goa,15.4989946,73.8282141
1474242967,CPC - GOA PANJIM (HP),goa,15.4989946,73.8282141
2914794916,CPC - GOA PORVORIM (HP),goa,15.4989946,73.8282141
2053487048,CPC - GOA SIOLIM (HP),goa,15.4989946,73.8282141
2358702940,CPC - GORAKHPUR AIIMS (HP),gorakhpur,26.6677977,83.3642334
312230522,CPC - GORAKHPUR AIIMS(HP),gorakhpur,26.6677977,83.3642334
2303570979,CPC - GORAKHPUR BAUXIPUR (HP),gorakhpur,26.6677977,83.3642334
2006974172,CPC - GORAKHPUR BICCHIYA BAZAAR(HP),gorakhpur,26.6677977,83.3642334
1495388025,CPC - GORAKHPUR GORAKHNATH (HP),gorakhpur,26.6677977,83.3642334
4024591464,CPC - GORAKHPUR MEDICAL ROAD (HP),gorakhpur,26.6677977,83.3642334
4152652598,CPC - GORAKHPUR RAPTINAGAR (HP),gorakhpur,26.6677977,83.3642334
267722365,CPC - GORAKHPUR TARAMANDAL (HP),gorakhpur,26.6677977,83.3642334
487545870,CPC - GUNTUR GORANTLA ES2 (HP),guntur,16.2915189,80.4541588
4023556316,CPC - GURGAON (HP),gurgaon,28.4646148,77.0299194
1244957565,CPC - GURGAON1 (HP),gurgaon,28.4646148,77.0299194
1196976908,CPC - GURGAON3 (HP),gurgaon,28.4646148,77.0299194
1142346265,CPC - GUWAHATI TARUN NAGAR (HP),guwahati,26.1805978,91.753943
3878297062,CPC - GWALIOR AIRPORT ROAD (HP),gwalior,26.2037247,78.1573628
3367149194,CPC - GWALIOR GOVINDPURI (HP),gwalior,26.2037247,78.1573628
3993509877,CPC - GWALIOR KAMPOO ROAD (HP),gwalior,26.2037247,78.1573628
1478046072,CPC - GWALIOR KUSHAL NAGAR (HP),gwalior,26.2037247,78.1573628
57489457,CPC - GWALIOR MORAR ROAD (HP),gwalior,26.2037247,78.1573628
1970351336,CPC - HARIDWAR JWALAPUR ES1 (HP),haridwar,29.9384473,78.1452985
30660233,CPC - HYD3 (HP),hyderabad,17.360589,78.4740613
4268977264,CPC - INDORE1 (HP),indore,22.7203616,75.8681996
208831686,CPC - JABALPUR ADARSH NAGAR (HP),jabalpur,23.1701522,79.9324505
3155729651,CPC - JAMMU AMBIKA VIHAR (HP),jammu,32.7185614,74.8580917
2281054448,CPC - JAMMU BATHINDI (HP),jammu,32.7185614,74.8580917
1658550795,CPC - JAMMU BC ROAD (HP),jammu,32.7185614,74.8580917
4029224664,CPC - JAMMU DIGIANA(HP),jammu,32.7185614,74.8580917
1030787085,CPC - JAMMU OLD SATHWARI (HP),jammu,32.7185614,74.8580917
250943098,CPC - JAMMU ROOPNAGAR (HP),jammu,32.7185614,74.8580917
190623673,CPC - JAMMU SAINIK COLONY (HP),jammu,32.7185614,74.8580917
2069122489,CPC - JAMMU TRIKUTA NAGAR (HP),jammu,32.7185614,74.8580917
930090631,CPC - JAMNAGAR KHODIYAR COLONY (HP),jamnagar,22.4732415,70.0552102
3766000874,CPC - JAMSHEDPUR MANGO (HP),jamshedpur,22.8015194,86.2029579
2937936772,CPC - JHANSI AWAS VIKAS (HP),jhansi,25.529855,78.6527802
574356530,CPC - JHANSI BUNDELKHAND (HP),jhansi,25.529855,78.6527802
1105369379,CPC - JHANSI INDRIPURI (HP),jhansi,25.529855,78.6527802
1706657368,CPC - JHANSI KHUSHIPURA (HP),jhansi,25.529855,78.6527802
3909226797,CPC - JODHPUR RATANADA (HP),jodhpur,26.2967719,73.0351433
4050027744,CPC - JUNAGADH SONVATIKA(HP),junagadh,21.5220416,70.4582458
982394711,CPC - KASHIPUR TEHSIL ROAD (HP),kashipur,29.2117573,78.9617306
4180814166,CPC - KOCHI EDAPALLY (HP),kochi,9.9679032,76.2444378
1745084630,CPC - KOCHI KAKKANAD (HP),kochi,9.9679032,76.2444378
1740506040,CPC - KOCHI KALOOR (HP),kochi,9.9679032,76.2444378
529200573,CPC - KOCHI PACHALAM (HP),kochi,9.9679032,76.2444378
1799355908,CPC - KOCHI TRIPUNITHURA (HP),kochi,9.9679032,76.2444378
984483909,CPC - KOLHAPUR TARABAI PARK (HP),kolhapur,16.7028412,74.2405329
2274974446,CPC - KOLKATA K4 (HP),kolkata,22.5726459,88.3638953
2624045023,CPC - KOLKATA1 (HP),kolkata,22.5726459,88.3638953
1004854143,CPC - KOLKATA2 (HP),kolkata,22.5726459,88.3638953
2101049791,CPC - KOTA KUNHADI (HP),kota,25.1737019,75.8574194
147712253,CPC - KURNOOL BHAGYA NAGAR (HP),kurnool,15.8309251,78.0425373
748397891,CPC - LUCKNOW (HP),lucknow,26.8381,80.9346001
2573288299,CPC - MANGALORE ATTAVAR (HP),mangalore,12.8698101,74.8430082
1705797772,CPC - MANGALORE ATTAVAR(HP),mangalore,12.8698101,74.8430082
2598007196,CPC - MANGALURU NORTHERN SKY PALM (HP),mangalore,12.8698101,74.8430082
1849199753,CPC - MANIPAL VIDYARATNA NAGAR (HP),manipal,13.3519723,74.7870308
3251543833,CPC - MORBI SANALA ROAD(HP),morbi,22.8003959,70.886232
2037543683,CPC - MUMBAI M10 (HP),mumbai,19.054999,72.8692035
4031586112,CPC - MUMBAI1 (HP),mumbai,19.054999,72.8692035
3820824445,CPC - MUMBAI2 (HP),mumbai,19.054999,72.8692035
4160065061,CPC - NAGPUR DHANTOLI (HP),nagpur,21.1498134,79.0820556
206132209,CPC - NAGPUR MANKAPUR (HP),nagpur,21.1498134,79.0820556
2340710659,CPC - NAGPUR TRIMURTI NAGAR (HP),nagpur,21.1498134,79.0820556
2869326837,CPC - NANDED GOKUL NAGAR (HP),nanded,19.0942729,77.4832628
527967578,CPC - NASHIK MUMBAI NAKA ES5 (HP),nashik,20.0112475,73.7902364
3447217834,CPC - NASHIK SONAWANE (HP),nashik,20.0112475,73.7902364
1493413495,CPC - NELLORE RAMALINGA PURAM (HP),nellore,14.4493717,79.9873763
3561245373,CPC - NOIDA1 (HP),noida,28.5706333,77.3272147
3804768226,CPC - PATNA KANKARBAGH (HP),patna,25.6093239,85.1235252
10482981,CPC - PATNA LEKHA NAGAR (HP),patna,25.6093239,85.1235252
700748036,CPC - PATNA PRIYADARSHI (HP),patna,25.6093239,85.1235252
4226497793,CPC - PRAYAGRAJ CIVIL LINES (HP),prayagraj,25.4381302,81.8338005
2838427814,CPC - PRAYAGRAJ GEORGE TOWN ES4 (HP),prayagraj,25.4381302,81.8338005
1811555662,CPC - PRAYAGRAJ NAINI (HP),prayagraj,25.4381302,81.8338005
1818537260,CPC - PUDUCHERRY VENKATA NAGAR (HP),puducherry,11.9340568,79.8306447
1818966924,CPC - PUNE1 (HP),pune,18.5213738,73.8545071
1536999249,CPC - RAJKOT KKV CHOWK ES4 (HP),rajkot,22.3053263,70.8028377
2340954561,CPC - RAJKOT NANA MAVA (HP),rajkot,22.3053263,70.8028377
4059589064,CPC - RAJKOT TRIKONBAUG (HP),rajkot,22.3053263,70.8028377
3230688682,CPC - RAJPURA1 (HP),rajpura,30.4776857,76.5937658
2727508133,CPC - RANCHI HARMU (HP),ranchi,23.3700501,85.3250387
254085496,CPC - RANCHI KANTATOLI (HP),ranchi,23.3700501,85.3250387
2652695781,CPC - RANCHI MG ROAD (HP),ranchi,23.3700501,85.3250387
40053391,CPC - ROORKEE MOJA (HP),roorkee,29.8693496,77.8902124
3391656639,CPC - SATARA POWAI NAKA (HP),satara,17.6361289,74.2982781
2306235680,CPC - SATARA POWAI NAKA(HP),satara,17.6361289,74.2982781
2298146277,CPC - SHIMOGA DURGIGUDI (HP),shimoga,13.9326093,75.574978
3480589380,CPC - SILIGURI JUNCTION (HP),siliguri,26.7164127,88.4309916
2579239618,CPC - SILIGURI SALUGARA (HP),siliguri,26.7164127,88.4309916
3627194743,CPC - SILIGURI SF ROAD (HP),siliguri,26.7164127,88.4309916
264332615,CPC - SILIGURI UTTARAYAN (HP),siliguri,26.7164127,88.4309916
904205899,CPC - SOLAPUR KARNIK NAGAR (HP),solapur,17.8499067,75.2763203
4069772300,CPC - SOLAPUR KONARK NAGAR(HP),solapur,17.8499067,75.2763203
1108174502,CPC - SOLAPUR MURARJI PETH (HP),solapur,17.8499067,75.2763203
3667536537,CPC - SOLAPUR MURARJI PETH(HP),solapur,17.8499067,75.2763203
2879947424,CPC - SURAT ATHWA GATE (HP),surat,21.2094892,72.8317058
3960413759,CPC - SURAT BHIMRAD (HP),surat,21.2094892,72.8317058
3247671763,CPC - SURAT DAHIN NAGAR (HP),surat,21.2094892,72.8317058
2883352459,CPC - SURAT PANKAJ NAGAR (HP),surat,21.2094892,72.8317058
2114442033,CPC - SURAT VESU (HP),surat,21.2094892,72.8317058
2661193276,CPC - SURAT1 (HP),surat,21.2094892,72.8317058
1508282682,CPC - TCIGURGAON1 (HP),gurgaon,28.4646148,77.0299194
936017098,CPC - TIRUPATI TATA NAGAR (HP),tirupati,13.6316368,79.4231711
1009859298,CPC - TIRUPATI TUMMALAGUNTA (HP),tirupati,13.6316368,79.4231711
2195427271,CPC - TRIVANDRUM KOWDIAR (HP),trivandrum,8.4882267,76.947551
3544393443,CPC - TRIVANDRUM VAZHUTHACAUD (HP),trivandrum,8.4882267,76.947551
1480554588,CPC - UDAIPUR BHUWANA (HP),udaipur,24.578721,73.6862571
3550461963,CPC - UDAIPUR GANPATI NAGAR ES4 (HP),udaipur,24.578721,73.6862571
3553841073,CPC - UDAIPUR GORDHAN VILAS (HP),udaipur,24.578721,73.6862571
3972482983,CPC - UDAIPUR HIRAN MAGRI ES2 (HP),udaipur,24.578721,73.6862571
2067153063,CPC - UDAIPUR MALLA TALAI (HP),udaipur,24.578721,73.6862571
2922910398,CPC - UDAIPUR PRATAP NAGAR (HP),udaipur,24.578721,73.6862571
3043286405,CPC - UDUPI UB SQUARE (HP),udupi,13.5269784,74.8731879
1408662313,CPC - VARANASI RANIPUR (HP),varanasi,25.3356491,83.0076292
3590855514,CPC - VARANASI SHIVPUR BYPASS (HP),varanasi,25.3356491,83.0076292
202765145,CPC - VELLORE THOTTAPALAYAM (HP),vellore,12.9021849,79.061104
2373485664,CPC - VELLORE VIT (HP),vellore,12.9021849,79.061104
2705191005,CPC - VIJAYAWADA BENZCIRCLE (HP),vijayawada,16.5115306,80.6160469
255901260,CPC - VIJAYAWADA CURRENCY NAGAR ES2 (HP),vijayawada,16.5115306,80.6160469
1309445784,CPC - VIJAYAWADA GOVERNERPET (HP),vijayawada,16.5115306,80.6160469
3472574604,CPC - VIJAYAWADA KANURU (HP),vijayawada,16.5115306,80.6160469
1820321930,CPC - VIJAYAWADA TADEPALLI (HP),vijayawada,16.5115306,80.6160469
51550205,CPC - VISAKHAPATNAM AKKAYYAPALEM (HP),visakhapatnam,17.6935526,83.2921297
453374534,CPC - VISAKHAPATNAM RAM NAGAR (HP),visakhapatnam,17.6935526,83.2921297
2131522153,CPC - VISHAKHAPATNAM PARVATHI NAGAR (HP),visakhapatnam,17.6935526,83.2921297
3463214036,CPC - VISHAKHAPATNAM SEETHAMMADARA (HP),visakhapatnam,17.6935526,83.2921297
3182964274,CPC GOA MARGAON (HP),goa,15.4989946,73.8282141
1800982446,CPC- GOA PANJIM (HP),goa,15.4989946,73.8282141
2800219482,CPC- RANCHI1 (HP),ranchi,23.3700501,85.3250387
2602435558,CPC- VARANASI2,varanasi,25.3356491,83.0076292
687606209,CPC-AGRA2,agra,27.1752554,78.0098161
1235693643,CPC-BHOPAL1-FRZ (HP),bhopal,23.2584857,77.401989
1148271142,CPC-BLR8-FRZ(HP),bengaluru,12.9767936,77.590082
505435441,CPC-BLR9,bengaluru,12.9767936,77.590082
1968678314,CPC-CHN1-FRZ (HP),chennai,13.0836939,80.270186
3785829075,CPC-CHN3,chennai,13.0836939,80.270186
3210180698,CPC-DDN1,dehradun,30.3255646,78.0436813
1955736252,CPC-DEL5,delhi,28.6138954,77.2090057
3856390969,CPC-DHD1-FRZ (HP),dehradun,30.3255646,78.0436813
4104075980,CPC-GGN4,gurgaon,28.4646148,77.0299194
39956985,CPC-GOA2-FRZ (HP),goa,15.4989946,73.8282141
3528027580,CPC-GUNTUR1,guntur,16.2915189,80.4541588
4031561707,CPC-GWH1(HP),guwahati,26.1805978,91.753943
1535528891,CPC-INDORE2(HP),indore,22.7203616,75.8681996
2579868125,CPC-INDORE2-FRZ(HP),indore,22.7203616,75.8681996
1761236142,CPC-JAI1-FRZ (HP),jaipur,26.9154576,75.8189817
2574678153,CPC-KOCHI1,kochi,9.9679032,76.2444378
394537559,CPC-KOL2,kolkata,22.5726459,88.3638953
2747646667,CPC-KOL2-FRZ(HP),kolkata,22.5726459,88.3638953
1454770575,CPC-LDH1 (HP),ludhiana,30.9090157,75.851601
2420729677,CPC-MUM4,mumbai,19.054999,72.8692035
3811000144,CPC-MUM5,mumbai,19.054999,72.8692035
3171329509,CPC-NAGPUR2(HP),nagpur,21.1498134,79.0820556
4149329591,CPC-NOIDA2,noida,28.5706333,77.3272147
3946042519,CPC-NOIDA2-FRZ(HP),noida,28.5706333,77.3272147
162291827,CPC-PATNA2-FRZ (HP),patna,25.6093239,85.1235252
4003004066,CPC-PUNE3,pune,18.5213738,73.8545071
1680533462,CPC-PUNE3-FRZ(HP),pune,18.5213738,73.8545071
1074847202,CPC-RAIPUR1-FRZ (HP),raipur,21.2380912,81.6336993
1161391505,CPC-VGA1,vijayawada,16.5115306,80.6160469
285262109,CPC-VIJAY1-FRZ (HP),vijayawada,16.5115306,80.6160469
2287036047,CPC-VTZ1(HP),visakhapatnam,17.6935526,83.2921297
1083632309,DASNA 2,dasna,28.693684,77.5446152
2976067788,DASNA D3 - FEEDER,dasna,28.693684,77.5446152
3740105004,DASNA D3 - FEEDER WAREHOUSE,dasna,28.693684,77.5446152
2294365551,DEHRADUN - FEEDER,dehradun,30.3255646,78.0436813
1173749492,DEHRADUN - FEEDER WAREHOUSE,dehradun,30.3255646,78.0436813
3091404590,FARIDABAD - FEEDER,faridabad,28.4031478,77.3105561
1226675405,FARIDABAD - FEEDER WAREHOUSE,faridabad,28.4031478,77.3105561
4140520140,FARUKHNAGAR - SR,farukhnagar,28.467225,76.8253658
1438523129,FARUKHNAGAR - SR FEEDER WAREHOUSE,farukhnagar,28.467225,76.8253658
573720551,FARUKHNAGAR F2 - FEEDER,farukhnagar,28.467225,76.8253658
442780811,FARUKHNAGAR F2 - FEEDER WAREHOUSE,farukhnagar,28.467225,76.8253658
2286428884,GOA - FEEDER WAREHOUSE,goa,15.4989946,73.8282141
1159558156,GOA G2 - FEEDER,goa,15.4989946,73.8282141
262657879,GOA G2 - FEEDER WAREHOUSE,goa,15.4989946,73.8282141
2639869530,GURGAON G7 ECOM,gurgaon,28.4646148,77.0299194
4110612487,GUWAHATI G1 - FEEDER WAREHOUSE,guwahati,26.1805978,91.753943
2821769092,GUWAHATI G2 - FEEDER WAREHOUSE,guwahati,26.1805978,91.753943
2813879263,HYDERABAD H2,hyderabad,17.360589,78.4740613
3274076813,HYDERABAD H3 - FEEDER,hyderabad,17.360589,78.4740613
3768082634,HYDERABAD H3 - FEEDER WAREHOUSE,hyderabad,17.360589,78.4740613
3984626855,HYDERABAD H4 - FEEDER WAREHOUSE,hyderabad,17.360589,78.4740613
3391159174,INDORE - FEEDER,indore,22.7203616,75.8681996
746579571,INDORE - FEEDER WAREHOUSE,indore,22.7203616,75.8681996
2148013973,INDORE I2,indore,22.7203616,75.8681996
1321243387,INDORE I2 - FEEDER WAREHOUSE,indore,22.7203616,75.8681996
1444001233,JAIPUR J2,jaipur,26.9154576,75.8189817
780051623,JAIPUR J3 - FEEDER,jaipur,26.9154576,75.8189817
2313476367,JAIPUR J3 - FEEDER WAREHOUSE,jaipur,26.9154576,75.8189817
3323325090,JAIPUR J4 - FEEDER WAREHOUSE,jaipur,26.9154576,75.8189817
4194430387,KOL-COLD-MH-SANKRAIL,kolkata,22.5726459,88.3638953
408133798,KOLKATA K4 - FEEDER,kolkata,22.5726459,88.3638953
3763904247,KOLKATA K4 - FEEDER WAREHOUSE,kolkata,22.5726459,88.3638953
3515046234,KOLKATA K5 - FEEDER WAREHOUSE,kolkata,22.5726459,88.3638953
2175006782,KOLKATA K6 - FEEDER WAREHOUSE,kolkata,22.5726459,88.3638953
748706577,KOLKATA TARATALA DIWALI - FEEDER WAREHOUSE,kolkata,22.5726459,88.3638953
373681047,KTPL_BLR-COLD-FMCG-MH-NELAMANGLA,bengaluru,12.9767936,77.590082
814041851,KTPL_HYD-COLD-MH-RAJABOLLARAM,hyderabad,17.360589,78.4740613
3577355433,KTPL_JAI_COLD_FMCG-MH-MUHANA MANDI,jaipur,26.9154576,75.8189817
2654524305,KTPL_PUN-COLD-FMCG-MH-PERNE,pune,18.5213738,73.8545071
3734974131,KUNDLI - FEEDER WAREHOUSE,kundli,28.8696747,77.1198167
1894821174,KUNDLI FEEDER,kundli,28.8696747,77.1198167
2855344857,LKO IM3,lucknow,26.8381,80.9346001
1065749710,LUCKNOW L4,lucknow,26.8381,80.9346001
3904581242,LUCKNOW L5 - FEEDER,lucknow,26.8381,80.9346001
1030368784,LUCKNOW L5 - FEEDER WAREHOUSE,lucknow,26.8381,80.9346001
3637017910,LUDHIANA - FEEDER WAREHOUSE,ludhiana,30.9090157,75.851601
1646844671,LUDHIANA L2 - FEEDER,ludhiana,30.9090157,75.851601
1408453524,LUDHIANA L2 - FEEDER WAREHOUSE,ludhiana,30.9090157,75.851601
771863157,M9 MUMBAI,mumbai,19.054999,72.8692035
2394569039,MEOWMEOW,pune,18.5213738,73.8545071
2977860909,MUMBAI M10 - FEEDER,mumbai,19.054999,72.8692035
1136140685,MUMBAI M10 - FEEDER WAREHOUSE,mumbai,19.054999,72.8692035
2912180986,MUMBAI M11 - FEEDER,mumbai,19.054999,72.8692035
4253467288,MUMBAI M11 - FEEDER WAREHOUSE,mumbai,19.054999,72.8692035
2554308920,MUMBAI M12 - FEEDER WAREHOUSE,mumbai,19.054999,72.8692035
1655977232,MUMBAI M9 ECOM - FEEDER WAREHOUSE,mumbai,19.054999,72.8692035
1016551808,NAGPUR N1 - FEEDER,nagpur,21.1498134,79.0820556
3880840089,NAGPUR N1 - FEEDER WAREHOUSE,nagpur,21.1498134,79.0820556
2595485337,NOIDA N1 - FEEDER,noida,28.5706333,77.3272147
1864473374,NOIDA N1 - FEEDER WAREHOUSE,noida,28.5706333,77.3272147
2701767818,PATNA P1 - FEEDER,patna,25.6093239,85.1235252
1622595085,PATNA P1 - FEEDER WAREHOUSE,patna,25.6093239,85.1235252
2554612506,PATNA P2 - FEEDER WAREHOUSE,patna,25.6093239,85.1235252
3840471520,PUNE P2 - FEEDER,pune,18.5213738,73.8545071
793959259,PUNE P2 - FEEDER WAREHOUSE,pune,18.5213738,73.8545071
4270283227,PUNE P3 - FEEDER WAREHOUSE,pune,18.5213738,73.8545071
1858454936,RAJPURA - FEEDER,rajpura,30.4776857,76.5937658
2194420056,RAJPURA - FEEDER WAREHOUSE,rajpura,30.4776857,76.5937658
1888721021,RAJPURA R2 - FEEDER WAREHOUSE,rajpura,30.4776857,76.5937658
3481752117,RANCHI R1 - FEEDER,ranchi,23.3700501,85.3250387
4085182458,RANCHI R1 - FEEDER WAREHOUSE,ranchi,23.3700501,85.3250387
3125280789,RANCHI R2 - FEEDER WAREHOUSE,ranchi,23.3700501,85.3250387
3817798788,SAS-COLD-FMCG-MH-DERA BASSI,sas nagar,30.6908804,76.7114879
2856731917,SS AHMEDABAD CHANGODAR PC  - WAREHOUSE,ahmedabad,23.0215374,72.5800568
792063410,SS AHMEDABAD CHANGODAR PC - WAREHOUSE,ahmedabad,23.0215374,72.5800568
44853842,SS BALLARI BHAGAT SINGH NAGAR ES6,ballari,15.3483166,76.8054883
4183752329,SS BALLARI COWL BAZAR ES18,ballari,15.3483166,76.8054883
2934459213,SS BAREILLY CHANDRA PURAM COLONY ES6,bareilly,28.4582345,79.4047452
2532950025,SS BAREILLY DELAPEER ES1,bareilly,28.4582345,79.4047452
3387758142,SS BAREILLY PILIBHIT BYPASS ES4,bareilly,28.4582345,79.4047452
3576189794,SS BAREILLY RAMPUR GARDEN ES3,bareilly,28.4582345,79.4047452
3177504450,SS BAREILLY SAIDPUR HAWKINS ES5,bareilly,28.4582345,79.4047452
4147899206,SS BELGAUM AZAM NAGAR ES2,belgaum,16.1587846,74.888862
1069512641,SS BELGAUM TILAKWADI ES1,belgaum,16.1587846,74.888862
3161285675,SS BENGALURU ADARSH PALM ES145,bengaluru,12.9767936,77.590082
2027978361,SS BENGALURU AGARA VILLAGE ES158,bengaluru,12.9767936,77.590082
291974507,SS BENGALURU BAGALUR ES100,bengaluru,12.9767936,77.590082
808944927,SS BENGALURU BANASHANKARI ES113,bengaluru,12.9767936,77.590082
1360223449,SS BENGALURU BELLANDUR 2 ES34,bengaluru,12.9767936,77.590082
402106968,SS BENGALURU BHOOPASANDRA ES236,bengaluru,12.9767936,77.590082
3960710087,SS BENGALURU BOMMANAHALLI ES129,bengaluru,12.9767936,77.590082
3344021740,SS BENGALURU BROOKEFIELD AECS LAYOUT ES202,bengaluru,12.9767936,77.590082
2320342786,SS BENGALURU F&V CPC 3 HP - WAREHOUSE,bengaluru,12.9767936,77.590082
150900325,SS BENGALURU FISHERMAN'S WARF HARALUR ES170,bengaluru,12.9767936,77.590082
363262420,SS BENGALURU FRAZER TOWN ES43,bengaluru,12.9767936,77.590082
1536415303,SS BENGALURU GUNJUR ES111,bengaluru,12.9767936,77.590082
970995743,SS BENGALURU HEROHALLI BYADARAHALLI ES240,bengaluru,12.9767936,77.590082
2092269511,SS BENGALURU HOODI 2 ES109,bengaluru,12.9767936,77.590082
29073884,SS BENGALURU HOSA ROAD 2 ES52,bengaluru,12.9767936,77.590082
3484125993,SS BENGALURU HOSA ROAD ES37,bengaluru,12.9767936,77.590082
2513812584,SS BENGALURU HOSUR ROAD ES126,bengaluru,12.9767936,77.590082
3794597002,SS BENGALURU HSR SECTOR 2 ES179,bengaluru,12.9767936,77.590082
3096760834,SS BENGALURU JP NAGAR 8TH PHASE ES56,bengaluru,12.9767936,77.590082
2683609055,SS BENGALURU KADUBEESANAHALLI ES50,bengaluru,12.9767936,77.590082
3451341028,SS BENGALURU KORAMANGALA EXTN ES160,bengaluru,12.9767936,77.590082
647942424,SS BENGALURU KR PURAM ES118,bengaluru,12.9767936,77.590082
4147362916,SS BENGALURU LBS NAGAR ES136,bengaluru,12.9767936,77.590082
4186815281,SS BENGALURU MADIWALA 8TH CROSS ES156,bengaluru,12.9767936,77.590082
2853092318,SS BENGALURU MADIWALA ES102,bengaluru,12.9767936,77.590082
981096890,SS BENGALURU MAGADI ROAD ES114,bengaluru,12.9767936,77.590082
1146163882,SS BENGALURU MALLESHPALAYA ES217,bengaluru,12.9767936,77.590082
1602135336,SS BENGALURU MANIPAL COUNTY 2 ES152,bengaluru,12.9767936,77.590082
3297001140,SS BENGALURU MARATHAHALLI 14TH CROSS ES135,bengaluru,12.9767936,77.590082
2145579198,SS BENGALURU MATHIKERE ES140,bengaluru,12.9767936,77.590082
3141570243,SS BENGALURU NEW AMRUTHALLI ES99,bengaluru,12.9767936,77.590082
3114027505,SS BENGALURU NORTHRIDGE THANISANDRA ES183,bengaluru,12.9767936,77.590082
1208340406,SS BENGALURU RASHAD NAGAR ES194,bengaluru,12.9767936,77.590082
1858256046,SS BENGALURU RR NAGAR ES104,bengaluru,12.9767936,77.590082
2189506745,SS BENGALURU RT NAGAR ES177,bengaluru,12.9767936,77.590082
2108922349,SS BENGALURU SIDDAPURA ES123,bengaluru,12.9767936,77.590082
2428869129,SS BENGALURU SILVER SPRINGS LAYOUT ES139,bengaluru,12.9767936,77.590082
1689919289,SS BENGALURU SOBHA OASIS ES120,bengaluru,12.9767936,77.590082
3611735984,SS BENGALURU TUBRAHALLI ES131,bengaluru,12.9767936,77.590082
3337293197,SS BENGALURU UTTARAHALI ES85,bengaluru,12.9767936,77.590082
663661177,SS BENGALURU VIDYARANYAPURA ES112,bengaluru,12.9767936,77.590082
3704424712,SS BENGALURU YELAHANKA NITTE ES232,bengaluru,12.9767936,77.590082
1536377501,SS BENGALURU YESHWANTHPUR ES121,bengaluru,12.9767936,77.590082
584762363,SS BHUJ ARIHANT NAGAR ES25,bhuj,23.2472446,69.668339
1825693703,SS BHUJ CITY MALL ES3,bhuj,23.2472446,69.668339
2310348507,SS BIKANER MANGARAM COLONY ES21,bikaner,28.0159286,73.3171367
1349167483,SS BIKANER SADULGANJ ES18,bikaner,28.0159286,73.3171367
2772043978,SS BILASPUR BHARTI NAGAR ES3,bilaspur,22.1638486,82.1365923
304237750,SS BILASPUR KASHIMPARA ES4,bilaspur,22.1638486,82.1365923
3949719823,SS BILASPUR MINOCHA COLONY ES1,bilaspur,22.1638486,82.1365923
1846676319,SS BILASPUR SARKANDA ES2,bilaspur,22.1638486,82.1365923
3117826169,SS CHENNAI SSM NAGAR ES81,chennai,13.0836939,80.270186
4273898964,SS DEHRADUN AIRPORT ROAD ES24,dehradun,30.3255646,78.0436813
2033169725,SS DEHRADUN BALLUPUR ES18,dehradun,30.3255646,78.0436813
2328099778,SS DEHRADUN BIDHOLI ES27,dehradun,30.3255646,78.0436813
2664837699,SS DEHRADUN CANAL ROAD ES2,dehradun,30.3255646,78.0436813
1060740339,SS DEHRADUN DALANWALA ES3,dehradun,30.3255646,78.0436813
87097469,SS DEHRADUN DOON UNIVERSITY ES21,dehradun,30.3255646,78.0436813
513114655,SS DEHRADUN GMS ROAD ES5,dehradun,30.3255646,78.0436813
1653888907,SS DEHRADUN GRAPHIC ERA ES22,dehradun,30.3255646,78.0436813
263748142,SS DEHRADUN HARRAWAL ES20,dehradun,30.3255646,78.0436813
2342189174,SS DEHRADUN ITBP ROAD ES14,dehradun,30.3255646,78.0436813
3312077057,SS DEHRADUN JAGRITI VIHAR ES19,dehradun,30.3255646,78.0436813
3613052487,SS DEHRADUN MUSOORIE ROAD ES9,dehradun,30.3255646,78.0436813
574973559,SS DEHRADUN NAGAL ES10,dehradun,30.3255646,78.0436813
1358657202,SS DEHRADUN OLD NEHRU COLONY ES25,dehradun,30.3255646,78.0436813
3285586600,SS DEHRADUN PATEL NAGAR ES26,dehradun,30.3255646,78.0436813
3271544692,SS DEHRADUN PREM NAGAR ES7,dehradun,30.3255646,78.0436813
2178063770,SS DEHRADUN RAJPUR ROAD ES11,dehradun,30.3255646,78.0436813
2136757665,SS DEHRADUN SARASWATI VIHAR ES6,dehradun,30.3255646,78.0436813
3563517418,SS DEHRADUN SELAKUI ES17,dehradun,30.3255646,78.0436813
3929326948,SS DEHRADUN SHEWALA KALA ES1,dehradun,30.3255646,78.0436813
2860151521,SS DEHRADUN UPES KANDOLI ES15,dehradun,30.3255646,78.0436813
2896343452,SS DELHI GRAND TRUNK ES243,delhi,28.6138954,77.2090057
2274690853,SS DELHI IP EXTENSION ES78 PR,delhi,28.6138954,77.2090057
3530161178,SS DELHI SAINIK FARM ES219,delhi,28.6138954,77.2090057
856283802,SS DHARWAD SAPTAPUR ES1,dharwad,15.3707296,75.1332867
1909759680,SS DURG ADARSH NAGAR ES1,durg,21.1982964,81.4007922
1877711243,SS DURG GANDHI NAGAR ES2,durg,21.1982964,81.4007922
343092969,SS DURG MOHAN NAGAR ES5,durg,21.1982964,81.4007922
1529875031,SS DURG NEHRU NAGAR ES3,durg,21.1982964,81.4007922
553183514,SS DURG SUPELA ES4,durg,21.1982964,81.4007922
3537018631,SS ELURU RR PETA ES1,eluru,16.7104257,81.1153816
3708666173,SS GANDHIDHAM ADIPUR ES4,gandhidham,23.0718743,70.131715
1170014265,SS GANDHIDHAM GAYATRI KUNJ ES14,gandhidham,23.0718743,70.131715
2577479618,SS GANGTOK KRISHI BHAWAN ES1,gangtok,27.329046,88.6122673
2403773948,SS GOA CALANGUTE ES5,goa,15.4989946,73.8282141
1495843400,SS GOA CANA BENAULIM ES19,goa,15.4989946,73.8282141
3568942656,SS GOA DABOLIM ES6,goa,15.4989946,73.8282141
63644801,SS GOA DONA PAULA ES15,goa,15.4989946,73.8282141
4112485354,SS GOA KADAMBA ES17,goa,15.4989946,73.8282141
2061076941,SS GOA MAPUSA  KHORLIM ES23,goa,15.4989946,73.8282141
1233579572,SS GOA MAPUSA ES10,goa,15.4989946,73.8282141
94537602,SS GOA MAPUSA KHORLIM ES23,goa,15.4989946,73.8282141
2384901760,SS GOA MARGAON ES8,goa,15.4989946,73.8282141
755750021,SS GOA PANJIM ES3,goa,15.4989946,73.8282141
1720084283,SS GOA PARRA ES25,goa,15.4989946,73.8282141
255318123,SS GOA PONDA ES18,goa,15.4989946,73.8282141
119279920,SS GOA PORVORIM ES1,goa,15.4989946,73.8282141
3042094154,SS GOA REIS MARGOS ES22,goa,15.4989946,73.8282141
2475055092,SS GOA SANTA CRUZ ES24,goa,15.4989946,73.8282141
2853812670,SS GOA SIOLIM ES9,goa,15.4989946,73.8282141
1673373176,SS GOA VAGATOR ANJUNA ES20,goa,15.4989946,73.8282141
3852183282,SS GOA VASCO DA GAMA ES11,goa,15.4989946,73.8282141
1382756798,SS GORAKHPUR AIIMS ES5,gorakhpur,26.6677977,83.3642334
159395977,SS GORAKHPUR BAUXIPUR ES1,gorakhpur,26.6677977,83.3642334
3448432012,SS GORAKHPUR BICCHIYA BAZAAR ES7,gorakhpur,26.6677977,83.3642334
1198257434,SS GORAKHPUR GORAKHNATH ES6,gorakhpur,26.6677977,83.3642334
2586256256,SS GORAKHPUR LOHIYA ENCLAVE ES9,gorakhpur,26.6677977,83.3642334
4170577920,SS GORAKHPUR MEDICAL ROAD ES2,gorakhpur,26.6677977,83.3642334
823985082,SS GORAKHPUR RAPTINAGAR ES8,gorakhpur,26.6677977,83.3642334
3290038129,SS GORAKHPUR TARAMANDAL ES3,gorakhpur,26.6677977,83.3642334
1594176824,SS GUNTUR CENTRAL CITY ES4,guntur,16.2915189,80.4541588
3423773151,SS GUNTUR GORANTLA ES2,guntur,16.2915189,80.4541588
273848853,SS GUNTUR STAMBALA GARUVU ES3,guntur,16.2915189,80.4541588
1708619422,SS GUNTUR STAMBALA GARUVU ES6,guntur,16.2915189,80.4541588
774482396,SS GUNTUR TENALI ES5,guntur,16.2915189,80.4541588
4054495699,SS GWALIOR AIRPORT ROAD ES5,gwalior,26.2037247,78.1573628
4055162738,SS GWALIOR ANAND NAGAR ES8,gwalior,26.2037247,78.1573628
4023465132,SS GWALIOR GOVINDPURI ES1,gwalior,26.2037247,78.1573628
3769190023,SS GWALIOR KAMPOO ROAD ES7,gwalior,26.2037247,78.1573628
966871252,SS GWALIOR KUSHAL NAGAR ES4,gwalior,26.2037247,78.1573628
2851394161,SS GWALIOR MORAR ROAD ES6,gwalior,26.2037247,78.1573628
3840080956,SS HALDWANI DHANPURI ES4,haldwani,29.2144809,79.5279012
16148347,SS HALDWANI MUKHANI ES1,haldwani,29.2144809,79.5279012
523101816,SS HALDWANI NUTAN COLONY ES3,haldwani,29.2144809,79.5279012
614122155,SS HALDWANI SHIV PURI ES2,haldwani,29.2144809,79.5279012
47005586,SS HARIDWAR DURGA CHOWK ES3,haridwar,29.9384473,78.1452985
2951591684,SS HARIDWAR GREEN TOWNSHIP ES2,haridwar,29.9384473,78.1452985
866168012,SS HARIDWAR HAR KI PAURI ES7,haridwar,29.9384473,78.1452985
2392731455,SS HARIDWAR JWALAPUR ES1,haridwar,29.9384473,78.1452985
3187763272,SS HARIDWAR SHIVALIK NAGAR ES5,haridwar,29.9384473,78.1452985
1909658422,SS HOSAPETE HAKKA BUKKA RD ES11,hosapete,15.266493,76.3872297
3838727337,SS HUBLI BENGERI EXTENSION ES3,hubli,15.3518378,75.1379848
3965496491,SS HUBLI VIDYANAGAR ES1,hubli,15.3518378,75.1379848
1838304151,SS HYDERABAD ALKAPUR ES123,hyderabad,17.360589,78.4740613
1421282045,SS HYDERABAD ALWAL ES119,hyderabad,17.360589,78.4740613
3436463331,SS HYDERABAD AMEERPET ES121,hyderabad,17.360589,78.4740613
680078595,SS HYDERABAD AS RAO NAGAR ES127,hyderabad,17.360589,78.4740613
1383738428,SS HYDERABAD ASHVITA KPHB ES100,hyderabad,17.360589,78.4740613
1613069199,SS HYDERABAD ATTAPUR ES54,hyderabad,17.360589,78.4740613
4260214017,SS HYDERABAD BACHUPALLY ES63,hyderabad,17.360589,78.4740613
312705213,SS HYDERABAD BANDLAGUDA ES125,hyderabad,17.360589,78.4740613
3263027324,SS HYDERABAD BANJARA HILLS ES71,hyderabad,17.360589,78.4740613
312222582,SS HYDERABAD BANJARA HILLS RD 2 ES85,hyderabad,17.360589,78.4740613
303067870,SS HYDERABAD BARKAS ES134,hyderabad,17.360589,78.4740613
3569809122,SS HYDERABAD BODUPPAL ES132,hyderabad,17.360589,78.4740613
2739943707,SS HYDERABAD BORABANDA ES155,hyderabad,17.360589,78.4740613
2690448107,SS HYDERABAD BOWENPALLY ES59,hyderabad,17.360589,78.4740613
3841796123,SS HYDERABAD BRINDAVAN COLONY ES130,hyderabad,17.360589,78.4740613
3888925336,SS HYDERABAD CHANDA NAGAR ES79,hyderabad,17.360589,78.4740613
1283951835,SS HYDERABAD CHANDRAYANGUTTA ES151,hyderabad,17.360589,78.4740613
3889982536,SS HYDERABAD CHARMINAR ES112,hyderabad,17.360589,78.4740613
3972392316,SS HYDERABAD CHITRAPURI COLONY ES84,hyderabad,17.360589,78.4740613
730365157,SS HYDERABAD DAMMAIGUDA ES64,hyderabad,17.360589,78.4740613
2030827822,SS HYDERABAD DEVAR PC5 - WAREHOUSE,hyderabad,17.360589,78.4740613
2879472193,SS HYDERABAD ERRAGADDA ES160,hyderabad,17.360589,78.4740613
2754009577,SS HYDERABAD FINANCIAL DISTRICT ES82,hyderabad,17.360589,78.4740613
1640842506,SS HYDERABAD GACHIBOWLI ES98,hyderabad,17.360589,78.4740613
3850419059,SS HYDERABAD GAJULARAMARAM ES122,hyderabad,17.360589,78.4740613
1784808761,SS HYDERABAD GOLDEN MILE ROAD ES131,hyderabad,17.360589,78.4740613
606559722,SS HYDERABAD GUDIMALKAPUR ES89,hyderabad,17.360589,78.4740613
3263876836,SS HYDERABAD GUNDLAPOCHAMPALLI ES158,hyderabad,17.360589,78.4740613
1862081340,SS HYDERABAD HAFEEZPET ES74,hyderabad,17.360589,78.4740613
630032590,SS HYDERABAD HAYATHNAGAR ES144,hyderabad,17.360589,78.4740613
1606353558,SS HYDERABAD HMT HILLS ES120,hyderabad,17.360589,78.4740613
825654159,SS HYDERABAD IDPL COLONY ES169,hyderabad,17.360589,78.4740613
4208258243,SS HYDERABAD KAVURI HILLS ES88,hyderabad,17.360589,78.4740613
2819962114,SS HYDERABAD KOKAPET ES67,hyderabad,17.360589,78.4740613
800673887,SS HYDERABAD KONDAPUR ES45 PR,hyderabad,17.360589,78.4740613
2726653213,SS HYDERABAD KOTHAGUDA ES77,hyderabad,17.360589,78.4740613
323847985,SS HYDERABAD KOTHAPET ES111,hyderabad,17.360589,78.4740613
1537104507,SS HYDERABAD KPHB-V ES28,hyderabad,17.360589,78.4740613
1307931041,SS HYDERABAD KUKATPALLY ES91,hyderabad,17.360589,78.4740613
3361864122,SS HYDERABAD MADEENAGUDA ES113,hyderabad,17.360589,78.4740613
3001521249,SS HYDERABAD MADHAPUR ES87,hyderabad,17.360589,78.4740613
3342569553,SS HYDERABAD MALKAJGIRI ES58,hyderabad,17.360589,78.4740613
2414791271,SS HYDERABAD MALLAMPET ES164,hyderabad,17.360589,78.4740613
3621268514,SS HYDERABAD MANIKONDA ES118,hyderabad,17.360589,78.4740613
3437440960,SS HYDERABAD MAREDPALLY ES145,hyderabad,17.360589,78.4740613
843722589,SS HYDERABAD MARTHANDA NAGAR ES159,hyderabad,17.360589,78.4740613
560691393,SS HYDERABAD MASJID BANDA ES78,hyderabad,17.360589,78.4740613
1459756398,SS HYDERABAD MEERPET ES152,hyderabad,17.360589,78.4740613
3705451202,SS HYDERABAD MLA COLONY ES128,hyderabad,17.360589,78.4740613
373735595,SS HYDERABAD MOOSAPET ES81,hyderabad,17.360589,78.4740613
3297180452,SS HYDERABAD MOOSARAMBAGH ES117,hyderabad,17.360589,78.4740613
1571579777,SS HYDERABAD NAGOLE ES62,hyderabad,17.360589,78.4740613
2955187659,SS HYDERABAD NALLAGANDLA ES86,hyderabad,17.360589,78.4740613
1326123411,SS HYDERABAD NAWAB SAHEB KUNTA ES149,hyderabad,17.360589,78.4740613
1786698931,SS HYDERABAD NEKNAMPUR ES141,hyderabad,17.360589,78.4740613
871812698,SS HYDERABAD NIZAMPET ES70,hyderabad,17.360589,78.4740613
275810026,SS HYDERABAD OSMAN NAGAR ES133,hyderabad,17.360589,78.4740613
1661660503,SS HYDERABAD PADMARAO NAGAR ES75,hyderabad,17.360589,78.4740613
1834346372,SS HYDERABAD PBEL CITY ES161,hyderabad,17.360589,78.4740613
426234975,SS HYDERABAD PEERZADIGUDA ES129,hyderabad,17.360589,78.4740613
1572861179,SS HYDERABAD POCHARAM ES116,hyderabad,17.360589,78.4740613
612336001,SS HYDERABAD PRAGATHINAGAR ES30 PR,hyderabad,17.360589,78.4740613
3942346365,SS HYDERABAD RAMACHANDRAPURAM ES114,hyderabad,17.360589,78.4740613
2891995927,SS HYDERABAD RAMANTHAPUR ES66,hyderabad,17.360589,78.4740613
3195384083,SS HYDERABAD RASOOLPURA ES153,hyderabad,17.360589,78.4740613
340913581,SS HYDERABAD SAINIKPURI ES68,hyderabad,17.360589,78.4740613
1983538551,SS HYDERABAD SAROORNAGAR ES73,hyderabad,17.360589,78.4740613
3495584829,SS HYDERABAD SERILINGAMPALLE ES126,hyderabad,17.360589,78.4740613
722716057,SS HYDERABAD SHAMSHABAD ES142,hyderabad,17.360589,78.4740613
1106732452,SS HYDERABAD SHIVRAMPALLY ES95,hyderabad,17.360589,78.4740613
1258754997,SS HYDERABAD SOMAJIGUDA ES60,hyderabad,17.360589,78.4740613
4017830901,SS HYDERABAD SUCHITRA ES76,hyderabad,17.360589,78.4740613
1333305213,SS HYDERABAD SUDARSHAN NAGAR COLONY ES157,hyderabad,17.360589,78.4740613
397918992,SS HYDERABAD SUNCITY ES65,hyderabad,17.360589,78.4740613
2234267111,SS HYDERABAD SURARAM ES137,hyderabad,17.360589,78.4740613
3435155583,SS HYDERABAD TARNAKA ES143,hyderabad,17.360589,78.4740613
2760456009,SS HYDERABAD TELECOM NAGAR ES93,hyderabad,17.360589,78.4740613
2100758132,SS HYDERABAD TNGO COLONY ES99,hyderabad,17.360589,78.4740613
339129283,SS HYDERABAD TOLICHOWKI ES154,hyderabad,17.360589,78.4740613
3196240321,SS HYDERABAD UPPAL ES56,hyderabad,17.360589,78.4740613
2098533920,SS HYDERABAD UPPERPALLY ES80,hyderabad,17.360589,78.4740613
3872338181,SS HYDERABAD VANASTHALIPURAM ES124,hyderabad,17.360589,78.4740613
3919262631,SS HYDERABAD VIJAY NAGAR ES175,hyderabad,17.360589,78.4740613
3983010836,SS HYDERABAD WHITEFIELDS ES150,hyderabad,17.360589,78.4740613
117852847,SS HYDERABAD ZAMISTANPUR ES41 PR,hyderabad,17.360589,78.4740613
2315247423,SS JABALPUR ADARSH NAGAR ES4,jabalpur,23.1701522,79.9324505
3138668932,SS JABALPUR ADHARTAL ES3,jabalpur,23.1701522,79.9324505
2830820011,SS JABALPUR DHANVANTRI NAGAR ES7,jabalpur,23.1701522,79.9324505
1412833572,SS JABALPUR ES5,jabalpur,23.1701522,79.9324505
1355120896,SS JABALPUR GUPTESHWAR NAGAR ES1,jabalpur,23.1701522,79.9324505
3724205495,SS JABALPUR RAKSHA NAGAR ES9,jabalpur,23.1701522,79.9324505
532220614,SS JABALPUR TILHARI ES8,jabalpur,23.1701522,79.9324505
3787775564,SS JABALPUR VIJAY NAGAR ES11,jabalpur,23.1701522,79.9324505
1339180082,SS JABALPUR VIJAY NAGAR ES2,jabalpur,23.1701522,79.9324505
175672426,SS JAIPUR PC - WAREHOUSE,jaipur,26.9154576,75.8189817
4178983790,SS JAMMU AKHNOOR ROAD ES13,jammu,32.7185614,74.8580917
2380046500,SS JAMMU AMBIKA VIHAR ES11,jammu,32.7185614,74.8580917
1853884774,SS JAMMU BARI BRAHMAN ES19,jammu,32.7185614,74.8580917
1091122899,SS JAMMU BATHINDI ES8,jammu,32.7185614,74.8580917
3545771784,SS JAMMU BC ROAD ES6,jammu,32.7185614,74.8580917
525789506,SS JAMMU DIGIANA ES7,jammu,32.7185614,74.8580917
2390734039,SS JAMMU GREATER KAILASH ES5,jammu,32.7185614,74.8580917
3130792947,SS JAMMU KATRA ES16,jammu,32.7185614,74.8580917
3483334736,SS JAMMU OLD SATHWARI ES10,jammu,32.7185614,74.8580917
2105493062,SS JAMMU ROOPNAGAR ES2,jammu,32.7185614,74.8580917
1500528426,SS JAMMU SAINIK COLONY ES12,jammu,32.7185614,74.8580917
354007586,SS JAMMU SIDHRA ES14,jammu,32.7185614,74.8580917
4011526003,SS JAMMU TRIKUTA NAGAR ES1,jammu,32.7185614,74.8580917
4208144797,SS JHANSI AWAS VIKAS ES4,jhansi,25.529855,78.6527802
3760214279,SS JHANSI BUNDELKHAND ES2,jhansi,25.529855,78.6527802
1353751173,SS JHANSI INDRIPURI ES3,jhansi,25.529855,78.6527802
2012904721,SS JHANSI KHUSHIPURA ES5,jhansi,25.529855,78.6527802
800757638,SS JUNAGADH SONVATIKA ES1,junagadh,21.5220416,70.4582458
1177528639,SS KANPUR GANGA NAGAR PC - WAREHOUSE,kanpur,26.4609135,80.3217588
3500177133,SS KOLKATA F&V CPC 2 - WAREHOUSE,kolkata,22.5726459,88.3638953
4152686853,SS KOLKATA TIKIAPARA ES168,kolkata,22.5726459,88.3638953
1492283878,SS LUCKNOW HAZRAT GUNJ PC  - WAREHOUSE,lucknow,26.8381,80.9346001
3065262298,SS MANGALURU ATTAVAR ES3,mangalore,12.8698101,74.8430082
656954290,SS MANGALURU DERALAKATTE ES12,mangalore,12.8698101,74.8430082
2979828015,SS MANGALURU NORTH KAVOOR ES13,mangalore,12.8698101,74.8430082
2060398648,SS MANGALURU NORTHERN SKY PALM ES1,mangalore,12.8698101,74.8430082
2881084800,SS MANIPAL VIDYARATNA NAGAR ES1,manipal,13.3519723,74.7870308
1942521142,SS MOHALI AJIT SINGH NAGAR PC - WAREHOUSE,mohali,30.6908804,76.7114879
3647021611,SS MUMBAI WALSHIND PC2 ZHPL,mumbai,19.054999,72.8692035
129498957,SS NIZAMABAD KHALEELWADI ES1,nizamabad,18.6731912,78.0978195
2965287730,SS ONGOLE GADDALAGUNTA ES2,ongole,15.5058714,80.0499454
1476811926,SS PILIBHIT EKTA NAGAR ES1,pilibhit,28.4947158,80.1076122
1202859382,SS PUNE KARVE NAGAR ES132,pune,18.5213738,73.8545071
3561779130,SS PUNE PISOLI ES143,pune,18.5213738,73.8545071
2979858193,SS PUNE WAKAD MULSHI ES136,pune,18.5213738,73.8545071
3374117423,SS RAIGARH PALACE ROAD ES17,raigarh,22.2361795,83.3529534
1971634202,SS RAIPUR ADARSH NAGAR ES15,raipur,21.2380912,81.6336993
628222136,SS RAIPUR ADARSH NAGAR ES4,raipur,21.2380912,81.6336993
3926585095,SS RAIPUR AIIMS ROAD ES6,raipur,21.2380912,81.6336993
434604104,SS RAIPUR AMLIDHI ES13,raipur,21.2380912,81.6336993
1042530871,SS RAIPUR AVANTI VIHAR ES3,raipur,21.2380912,81.6336993
2269754960,SS RAIPUR CIVIL LINES ES2,raipur,21.2380912,81.6336993
2600180724,SS RAIPUR DEVENDRA NAGAR ES5,raipur,21.2380912,81.6336993
2361022970,SS RAIPUR PROFESSOR COLONY ES10,raipur,21.2380912,81.6336993
297961132,SS RAIPUR SAMTA COLONY ES12,raipur,21.2380912,81.6336993
295194367,SS RAIPUR SAMTA COLONY ES7,raipur,21.2380912,81.6336993
1721161876,SS RAIPUR SAPTAGIRI COLONY ES14,raipur,21.2380912,81.6336993
3701785321,SS RAIPUR TOWER ROAD ES11,raipur,21.2380912,81.6336993
56029148,SS RAIPUR VIDHAN SABHA ES9,raipur,21.2380912,81.6336993
154958094,SS RISHIKESH SHYAMPUR ES3,rishikesh,30.1086537,78.2916193
1273566210,SS RISHIKESH STATION ROAD ES4,rishikesh,30.1086537,78.2916193
4220955762,SS RISHIKESH VEERBHADRA ES2,rishikesh,30.1086537,78.2916193
2711985848,SS ROORKEE DEFENCE COLONY ES3,roorkee,29.8693496,77.8902124
2397661399,SS ROORKEE MOJA ES1,roorkee,29.8693496,77.8902124
1545052503,SS RUDRAPUR JAGATPURA ES2,rudrapur,28.9707183,79.3972845
2650956362,SS RUDRAPUR MALIK COLONY ES1,rudrapur,28.9707183,79.3972845
1504458117,SS SILIGURI ASHRAM PARA ES181,siliguri,26.7164127,88.4309916
753338938,SS SILIGURI CHAMPASARI ES183,siliguri,26.7164127,88.4309916
1563465271,SS SILIGURI JUNCTION ES156,siliguri,26.7164127,88.4309916
749451631,SS SILIGURI JYOTI NAGAR ES206,siliguri,26.7164127,88.4309916
2584210988,SS SILIGURI NETAJI NAGAR ES197,siliguri,26.7164127,88.4309916
3647527406,SS SILIGURI PANCHNAI ES190,siliguri,26.7164127,88.4309916
2216374685,SS SILIGURI SALUGARA ES184,siliguri,26.7164127,88.4309916
3649214614,SS SILIGURI SF ROAD ES161,siliguri,26.7164127,88.4309916
2175262346,SS SILIGURI SUSHRUTA NAGAR ES196,siliguri,26.7164127,88.4309916
972180962,SS SILIGURI UTTARAYAN ES182,siliguri,26.7164127,88.4309916
1235464121,SS SRINAGAR ML ROAD ES18,srinagar,34.0747444,74.8204443
3661694516,SS SRINAGAR UNIVERSITY OF KASHMIR ES22,srinagar,34.0747444,74.8204443
2271590500,SS TRIVANDRUM KAZHAKOOTAM ES9,trivandrum,8.4882267,76.947551
1187978290,SS TRIVANDRUM KOWDIAR ES5,trivandrum,8.4882267,76.947551
3098520485,SS TRIVANDRUM KULATHOOR ES14,trivandrum,8.4882267,76.947551
4212153376,SS TRIVANDRUM KUMARAPURAM ES10,trivandrum,8.4882267,76.947551
1348665485,SS TRIVANDRUM SASTHAMANGALAM ES12,trivandrum,8.4882267,76.947551
2241066258,SS TRIVANDRUM VAZHUTHACAUD ES7,trivandrum,8.4882267,76.947551
4236574468,SS UDAIPUR BHUWANA ES10,udaipur,24.578721,73.6862571
655161097,SS UDAIPUR DELHI GATE CIRLCE ES11,udaipur,24.578721,73.6862571
3116436144,SS UDAIPUR GANPATI NAGAR ES4,udaipur,24.578721,73.6862571
4096921924,SS UDAIPUR GORDHAN VILAS ES1,udaipur,24.578721,73.6862571
2044017428,SS UDAIPUR HIRAN MAGRI ES2,udaipur,24.578721,73.6862571
2797092759,SS UDAIPUR MALLA TALAI ES6,udaipur,24.578721,73.6862571
372241602,SS UDAIPUR PRATAP NAGAR ES8,udaipur,24.578721,73.6862571
3190168455,SS UDUPI UB SQUARE ES1,udupi,13.5269784,74.8731879
40580914,SS UP-NCR ADITYA WORLD CITY ES159,delhi,28.6138954,77.2090057
3327234491,SS UP-NCR GR NOIDA TIGRI ES178,noida,28.5706333,77.3272147
3819226376,SS UP-NCR RAJ NAGAR EXTN ES196,delhi,28.6138954,77.2090057
3909484542,SS UP-NCR RAJENDRA NAGAR ES182,delhi,28.6138954,77.2090057
120945170,SS UPNCR AHINSA KHAND 2 ES137,delhi,28.6138954,77.2090057
2396832412,SS UPNCR CROSSING REPUBLIC ES218,delhi,28.6138954,77.2090057
255881415,SS UPNCR GOVINDPURAM ES117,delhi,28.6138954,77.2090057
2058452836,SS UPNCR INDIRAPURAM PC - WAREHOUSE,indirapuram,28.6380466,77.3644168
4098577747,SS UPNCR NEW GAUR CITY 1 ES112,delhi,28.6138954,77.2090057
2008691765,SS UPNCR PATEL NAGAR ES99,delhi,28.6138954,77.2090057
3142020877,SS UPNCR RAJ NAGAR EXTN ES133,delhi,28.6138954,77.2090057
928479630,SS VIJAYAWADA BENZCIRCLE ES7,vijayawada,16.5115306,80.6160469
3136705064,SS VIJAYAWADA BHAVANIPURAM ES15,vijayawada,16.5115306,80.6160469
1604912299,SS VIJAYAWADA CURRENCY NAGAR ES2,vijayawada,16.5115306,80.6160469
4055802764,SS VIJAYAWADA GOVERNERPET ES8,vijayawada,16.5115306,80.6160469
2415850250,SS VIJAYAWADA KANURU ES4,vijayawada,16.5115306,80.6160469
129522090,SS VIJAYAWADA MANGALAGIRI ES27,vijayawada,16.5115306,80.6160469
4255231921,SS VIJAYAWADA PATAMATA ES23,vijayawada,16.5115306,80.6160469
1594897338,SS VIJAYAWADA SINGH NAGAR ES17,vijayawada,16.5115306,80.6160469
2063791135,SS VIJAYAWADA TADEPALLI ES5,vijayawada,16.5115306,80.6160469
960342070,SS WARANGAL HANAMKONDA ES1,hyderabad,17.360589,78.4740613
3123828591,SS WARANGAL KARIMNAGAR ES2,hyderabad,17.360589,78.4740613
3977845305,SS WARANGAL SHERPURA ES3,hyderabad,17.360589,78.4740613
1692230311,SUPER STORE AHMEDABAD - WAREHOUSE,ahmedabad,23.0215374,72.5800568
3601327809,SUPER STORE BAMNOLI F&V CPC - WAREHOUSE,bamnoli,28.5441341,77.0315979
3015988493,SUPER STORE BENGALURU - WAREHOUSE,bengaluru,12.9767936,77.590082
1075265029,SUPER STORE BENGALURU BELLANDUR PC - WAREHOUSE,bengaluru,12.9767936,77.590082
2789368878,SUPER STORE BENGALURU F&V CPC - WAREHOUSE,bengaluru,12.9767936,77.590082
4271256579,SUPER STORE BENGALURU INDIRANAGAR ES27,bengaluru,12.9767936,77.590082
3570245448,SUPER STORE BENGALURU KAMAKSHIPALYA ES15 PR,bengaluru,12.9767936,77.590082
4032454613,SUPER STORE BENGALURU KANAKPURA ES4,bengaluru,12.9767936,77.590082
2649461395,SUPER STORE BUDHPUR CPC F&V - WAREHOUSE,budhpur,28.7836683,77.1385885
2946725515,SUPER STORE DASNA 2 - WAREHOUSE,dasna,28.693684,77.5446152
945130652,SUPER STORE DELHI JHILMIL PC3 - WAREHOUSE,delhi,28.6138954,77.2090057
21858133,SUPER STORE DELHI MOHAN GARDEN PC - WAREHOUSE,budhpur,28.7836683,77.1385885
180908068,SUPER STORE GURGAON G7 ECOM - WAREHOUSE,gurgaon,28.4646148,77.0299194
3717295098,SUPER STORE HYDERABAD F&V CPC - WAREHOUSE,hyderabad,17.360589,78.4740613
251477998,SUPER STORE HYDERABAD FILM NAGAR ES8,hyderabad,17.360589,78.4740613
3239329402,SUPER STORE HYDERABAD H2 - WAREHOUSE,hyderabad,17.360589,78.4740613
1471757942,SUPER STORE HYDERABAD HIMAYATNAGAR ES32,hyderabad,17.360589,78.4740613
3130642289,SUPER STORE HYDERABAD KOMPALLY ES27,hyderabad,17.360589,78.4740613
212661140,SUPER STORE HYDERABAD LANCO HILLS ES22,hyderabad,17.360589,78.4740613
1597017313,SUPER STORE HYDERABAD NALAGANDLA ES3,hyderabad,17.360589,78.4740613
2920412713,SUPER STORE HYDERABAD SHAIKPET ES11,hyderabad,17.360589,78.4740613
1661077231,SUPER STORE JAIPUR F&V CPC - WAREHOUSE,jaipur,26.9154576,75.8189817
1453052476,SUPER STORE JAIPUR J2 - WAREHOUSE,jaipur,26.9154576,75.8189817
4234018578,SUPER STORE KOLKATA K3 HOLISOL - WAREHOUSE,kolkata,22.5726459,88.3638953
243886658,SUPER STORE LUCKNOW F&V CPC - WAREHOUSE,lucknow,26.8381,80.9346001
3313838791,SUPER STORE LUCKNOW L4 - WAREHOUSE,lucknow,26.8381,80.9346001
834300978,SUPER STORE NOIDA F&V CPC - WAREHOUSE,noida,28.5706333,77.3272147
3577826355,SUPER STORE PUNE F&V CPC - WAREHOUSE,pune,18.5213738,73.8545071
850280514,SUPER STORE UP NOIDA PC4 - WAREHOUSE,noida,28.5706333,77.3272147
1634564982,SUPER STORE UPNCR GYANI BORDER ES11,delhi,28.6138954,77.2090057
1103461181,SURAT S1 - FEEDER,surat,21.2094892,72.8317058
2468542667,SURAT S1 - FEEDER WAREHOUSE,surat,21.2094892,72.8317058
2868928596,SURAT S2 - FEEDER WAREHOUSE,surat,21.2094892,72.8317058
1933223560,UDAIPUR DELHI GATE CIRLCE ES11,udaipur,24.578721,73.6862571
2871355429,VARANASI V1 - FEEDER,varanasi,25.3356491,83.0076292
2580011593,VARANASI V1 - FEEDER WAREHOUSE,varanasi,25.3356491,83.0076292
4181953234,VARANASI V2 - FEEDER WAREHOUSE,varanasi,25.3356491,83.0076292
730786636,VARANASI V2VARANASI V2 - FEEDER WAREHOUSE - FEEDER WAREHOUSE,varanasi,25.3356491,83.0076292
1014910730,VIJAYAWADA - FEEDER WAREHOUSE,vijayawada,16.5115306,80.6160469
3738407000,VISAKHAPATNAM V1 - FEEDER,visakhapatnam,17.6935526,83.2921297
378104010,VISAKHAPATNAM V1 - FEEDER WAREHOUSE,visakhapatnam,17.6935526,83.2921297